Make,Colour,Odometer (KM),Doors,Price
Nissan,Black,10148.0,4.0,1366850.0
Toyota,White,10217.0,4.0,1144150.0
Toyota,White,10247.0,4.0,1628300.0
Honda,White,10953.0,4.0,831800.0
Nissan,Blue,10954.0,4.0,1521950.0
Honda,Red,11035.0,4.0,530100.0
BMW,Black,11049.0,3.0,975000.0
Honda,White,11119.0,4.0,1042250.0
Toyota,White,12141.0,4.0,877800.0
Toyota,Red,13050.0,4.0,453700.0
Honda,White,13116.0,4.0,823200.0
Toyota,Black,13266.0,4.0,725100.0
Toyota,White,14497.0,4.0,991900.0
Toyota,Blue,14645.0,4.0,1066300.0
Honda,White,14700.0,4.0,1348650.0
Honda,Red,16079.0,4.0,497700.0
BMW,White,16274.0,5.0,2622900.0
Honda,Black,16933.0,4.0,608600.0
Nissan,Green,17119.0,4.0,308000.0
Toyota,Blue,17609.0,4.0,762033.7
Toyota,Black,17975.0,4.0,897000.0
Nissan,Blue,18044.0,3.0,711350.0
Honda,White,18246.0,4.0,1084200.0
BMW,White,18394.0,5.0,762033.7
Toyota,White,18812.0,4.0,1132150.0
Honda,White,18933.0,4.0,400700.0
Nissan,White,18994.0,4.0,390650.0
Nissan,White,19134.0,4.0,1171950.0
Nissan,White,19265.0,4.0,1072550.0
Toyota,White,19482.0,3.0,1560400.0
Nissan,White,20315.0,4.0,406850.0
Toyota,Black,20714.0,4.0,1520350.0
Toyota,White,20985.0,4.0,1667650.0
Toyota,White,21083.0,4.0,1766650.0
Honda,Blue,21146.0,4.0,1153200.0
Honda,White,21393.0,4.0,1024500.0
Toyota,White,22257.0,4.0,1393400.0
Honda,White,22409.0,4.0,521450.0
Toyota,White,22788.0,4.0,339200.0
Toyota,Blue,23241.0,4.0,710150.0
Toyota,Blue,23545.0,4.0,696600.0
Toyota,Blue,23637.0,4.0,762033.7
BMW,White,23996.0,5.0,2411950.0
Nissan,White,24077.0,4.0,777050.0
Honda,White,24180.0,4.0,485500.0
Nissan,Blue,24219.0,3.0,514150.0
Honda,White,24358.0,4.0,1333750.0
Nissan,White,24420.0,4.0,709900.0
Nissan,White,24741.0,4.0,1042000.0
Toyota,Black,24764.0,4.0,442800.0
Honda,White,25729.0,4.0,457750.0
Toyota,White,26191.0,4.0,768600.0
BMW,White,26531.0,5.0,970400.0
Honda,Blue,26616.0,4.0,476050.0
Nissan,White,26634.0,4.0,601200.0
Toyota,White,26655.0,4.0,587450.0
Toyota,Black,26798.0,4.0,1413800.0
Honda,Blue,26824.0,4.0,1421100.0
BMW,Green,26839.0,5.0,761200.0
Toyota,Black,26979.0,4.0,1771600.0
Toyota,Black,27139.0,4.0,1146050.0
Honda,Black,27788.0,4.0,945950.0
Nissan,Blue,28390.0,3.0,325200.0
Honda,Blue,28561.0,4.0,710200.0
Honda,White,28625.0,4.0,437650.0
Honda,White,28791.0,4.0,952600.0
Toyota,White,28809.0,4.0,1106950.0
Honda,White,29514.0,4.0,967850.0
BMW,White,29534.0,5.0,1420700.0
Honda,White,29541.0,4.0,434500.0
Toyota,Red,29689.0,4.0,437150.0
Toyota,Blue,29856.0,4.0,569600.0
Honda,White,30080.0,4.0,921450.0
Honda,Blue,30120.0,4.0,317850.0
Toyota,White,30334.0,4.0,1784350.0
Honda,White,30615.0,4.0,1482650.0
BMW,Blue,31277.0,5.0,906950.0
Honda,White,31418.0,4.0,1140800.0
Honda,Blue,31677.0,4.0,1087700.0
Toyota,White,32748.0,4.0,1516150.0
Nissan,Green,32754.0,4.0,657300.0
Honda,White,33261.0,4.0,1405200.0
BMW,White,33320.0,3.0,1394400.0
Toyota,Red,33400.0,4.0,619900.0
Toyota,Blue,33461.0,4.0,762033.7
BMW,Red,33911.0,5.0,762033.7
Nissan,Blue,34024.0,4.0,1196450.0
Toyota,Blue,34097.0,4.0,1007100.0
Toyota,Blue,34521.0,4.0,1509550.0
Honda,White,34822.0,4.0,730650.0
Honda,White,35431.0,4.0,766150.0
Toyota,White,35673.0,4.0,1784150.0
BMW,Red,35807.0,5.0,879800.0
Toyota,Black,35820.0,4.0,1602100.0
BMW,Blue,35837.0,3.0,1659900.0
Toyota,White,36463.0,4.0,840250.0
BMW,White,37513.0,5.0,1618950.0
Honda,Green,37606.0,4.0,662750.0
Honda,Blue,37625.0,4.0,312050.0
Honda,Blue,37678.0,4.0,318050.0
Toyota,Green,37703.0,4.0,762033.7
Nissan,Blue,38186.0,4.0,1171900.0
Nissan,Blue,38233.0,4.0,1174150.0
Honda,Black,38327.0,4.0,1186400.0
Toyota,Blue,38544.0,4.0,1714300.0
BMW,Red,38775.0,5.0,762033.7
BMW,White,39267.0,5.0,955300.0
Toyota,Blue,39311.0,4.0,876000.0
BMW,Red,39323.0,5.0,934550.0
Nissan,White,39639.0,3.0,615750.0
Toyota,Blue,39753.0,4.0,1711550.0
Honda,White,40134.0,4.0,813650.0
Toyota,Black,40285.0,4.0,392300.0
Nissan,White,40598.0,4.0,1206100.0
Honda,Blue,40635.0,4.0,620100.0
Honda,White,40749.0,4.0,1282450.0
Toyota,Blue,40774.0,5.0,1341700.0
Honda,Blue,40912.0,4.0,1344250.0
Nissan,Blue,41554.0,4.0,1576800.0
Toyota,Red,41735.0,4.0,696400.0
Honda,White,41846.0,4.0,512050.0
Honda,White,42137.0,4.0,762033.7
Honda,Blue,42324.0,4.0,626550.0
Honda,White,42379.0,4.0,1269100.0
Honda,Blue,42420.0,4.0,368800.0
Toyota,Blue,42459.0,4.0,319300.0
Toyota,Blue,42480.0,4.0,986000.0
Honda,Red,42652.0,4.0,1194150.0
Honda,White,42844.0,4.0,1457250.0
Toyota,White,43148.0,4.0,1454450.0
Nissan,Blue,43149.0,4.0,975100.0
Toyota,Black,43171.0,4.0,1217700.0
Nissan,White,43191.0,4.0,762033.7
Honda,White,43437.0,4.0,1400650.0
Nissan,White,43540.0,4.0,463150.0
Nissan,White,43600.0,4.0,501500.0
Honda,Blue,43981.0,4.0,879200.0
Toyota,Green,44436.0,4.0,865850.0
Toyota,Blue,44815.0,4.0,423000.0
Honda,Black,45152.0,4.0,1141250.0
BMW,Blue,45207.0,5.0,1762700.0
Toyota,White,45513.0,5.0,1949200.0
Nissan,Blue,45668.0,4.0,665500.0
Honda,Green,46085.0,4.0,1484050.0
Nissan,Blue,46842.0,4.0,1432750.0
Toyota,White,46848.0,4.0,889750.0
Honda,Green,47019.0,4.0,1018500.0
Honda,Red,47404.0,4.0,1177700.0
Honda,White,47712.0,4.0,901450.0
Honda,Red,47933.0,4.0,515050.0
Honda,White,48069.0,4.0,609800.0
Toyota,White,48184.0,4.0,754750.0
Nissan,White,48277.0,4.0,570300.0
Toyota,White,48674.0,4.0,762033.7
Toyota,Blue,48684.0,4.0,1690850.0
Nissan,White,48730.0,4.0,560500.0
Toyota,Blue,48777.0,4.0,395500.0
Nissan,White,49310.0,4.0,1357300.0
Toyota,Red,49807.0,4.0,1288750.0
BMW,Blue,50363.0,5.0,1505200.0
Honda,Blue,50417.0,4.0,1292350.0
Honda,Blue,50475.0,4.0,408200.0
Toyota,White,50604.0,4.0,501900.0
Toyota,White,50756.0,4.0,586900.0
Nissan,White,51004.0,4.0,1581650.0
Honda,Blue,51029.0,4.0,1334150.0
Toyota,Blue,51155.0,4.0,798000.0
Honda,Black,51328.0,4.0,533750.0
Toyota,White,51788.0,4.0,324000.0
Toyota,Blue,52054.0,4.0,544400.0
Toyota,Blue,52196.0,4.0,553800.0
Honda,White,52414.0,4.0,577400.0
Honda,White,52563.0,4.0,1303900.0
Honda,White,53474.0,4.0,762033.7
Toyota,White,53531.0,4.0,390100.0
Toyota,White,53765.0,4.0,929750.0
BMW,Black,54141.0,5.0,1875900.0
Honda,Blue,54380.0,4.0,1014100.0
Honda,Green,54721.0,4.0,1370950.0
BMW,Blue,55789.0,3.0,1333850.0
Toyota,White,55828.0,4.0,1165550.0
Honda,White,56523.0,4.0,310350.0
Honda,White,56534.0,4.0,333800.0
Honda,White,56687.0,4.0,306750.0
Honda,Green,57198.0,4.0,1253400.0
Nissan,Blue,57558.0,3.0,831100.0
BMW,White,57905.0,3.0,2543400.0
Toyota,White,58054.0,4.0,509000.0
Toyota,Green,58118.0,4.0,342400.0
Toyota,Black,58773.0,4.0,1044650.0
Toyota,Green,58938.0,4.0,330100.0
Toyota,White,59222.0,4.0,1633800.0
Toyota,Black,59249.0,4.0,455400.0
Nissan,Black,59335.0,4.0,1417700.0
Toyota,Green,60344.0,4.0,762033.7
Toyota,Blue,60499.0,5.0,585400.0
Honda,Black,61120.0,4.0,1518700.0
Honda,White,61163.0,4.0,918750.0
Toyota,Blue,61337.0,4.0,1441500.0
Honda,Red,61504.0,4.0,602300.0
Toyota,White,61623.0,4.0,1788000.0
Toyota,Green,61651.0,4.0,671500.0
Honda,Black,61749.0,4.0,464500.0
Honda,Blue,61828.0,4.0,1389350.0
Toyota,White,61876.0,4.0,296100.0
Nissan,Red,61892.0,4.0,908000.0
Toyota,White,62712.0,4.0,1217100.0
BMW,Blue,63321.0,3.0,1951050.0
Nissan,White,63355.0,4.0,1149450.0
Toyota,Blue,63501.0,4.0,763000.0
Nissan,Blue,63686.0,4.0,721600.0
Honda,Blue,63800.0,4.0,1315400.0
Honda,Blue,63825.0,4.0,1166950.0
Toyota,White,63832.0,4.0,334900.0
Toyota,Blue,63975.0,4.0,1092550.0
Nissan,White,64362.0,4.0,1449650.0
Honda,White,64574.0,4.0,882700.0
Toyota,Red,65435.0,4.0,1247450.0
Toyota,Blue,65719.0,4.0,762033.7
Toyota,White,66150.0,4.0,1255550.0
Nissan,White,66199.0,4.0,1377850.0
Toyota,White,66461.0,3.0,1293650.0
Toyota,White,66538.0,4.0,762033.7
Nissan,Blue,66604.0,4.0,1578500.0
Honda,Blue,66613.0,4.0,1022500.0
Toyota,White,66633.0,4.0,762033.7
Toyota,Blue,67120.0,4.0,762033.7
Nissan,Black,67364.0,4.0,780200.0
Honda,White,67599.0,4.0,525800.0
Honda,Blue,67875.0,4.0,857600.0
Nissan,White,67991.0,3.0,455450.0
Toyota,Red,68125.0,4.0,405250.0
Honda,Blue,68223.0,4.0,1376500.0
BMW,White,69066.0,5.0,1139200.0
Toyota,White,69222.0,4.0,1468150.0
BMW,Blue,69358.0,5.0,2363000.0
Nissan,Blue,69954.0,4.0,1046900.0
Honda,White,70154.0,4.0,1392600.0
Nissan,White,71103.0,4.0,344200.0
Honda,White,71283.0,4.0,374850.0
Toyota,Blue,71306.0,4.0,1187350.0
Honda,White,71329.0,4.0,506250.0
Toyota,Black,71463.0,4.0,1560300.0
Nissan,Blue,71527.0,4.0,898050.0
Toyota,White,71805.0,4.0,1780000.0
Honda,White,71934.0,4.0,1344100.0
Honda,Blue,71949.0,4.0,875800.0
Toyota,White,72118.0,4.0,844600.0
Nissan,White,72122.0,4.0,1147150.0
Toyota,Black,72287.0,4.0,696700.0
BMW,Blue,72575.0,5.0,2064700.0
BMW,Blue,72663.0,5.0,2001600.0
Toyota,White,72725.0,4.0,1286750.0
Honda,Blue,73286.0,4.0,981450.0
Toyota,White,73360.0,4.0,932650.0
Toyota,White,73869.0,4.0,978600.0
Honda,Blue,73869.0,4.0,1387200.0
Toyota,Blue,73926.0,4.0,1481750.0
Honda,White,74192.0,4.0,435300.0
Toyota,White,74919.0,4.0,359150.0
Toyota,White,74984.0,4.0,838300.0
Honda,Blue,76252.0,4.0,475000.0
Honda,White,76343.0,4.0,354850.0
Nissan,Blue,76412.0,4.0,674600.0
Toyota,Blue,76416.0,4.0,1082650.0
Honda,Blue,76579.0,4.0,1025550.0
Nissan,Green,76610.0,3.0,816000.0
Nissan,Black,77474.0,4.0,1146200.0
Toyota,Blue,77646.0,4.0,871100.0
Toyota,White,77677.0,4.0,762033.7
Toyota,Blue,77978.0,4.0,909950.0
Toyota,White,78123.0,4.0,1231450.0
Honda,Blue,78153.0,4.0,515800.0
BMW,Blue,79301.0,5.0,1750200.0
BMW,White,79937.0,5.0,2434300.0
Honda,White,80664.0,4.0,1049050.0
Toyota,White,81656.0,4.0,714100.0
Honda,Green,81764.0,4.0,1450200.0
Toyota,Blue,81864.0,4.0,1464650.0
Honda,White,82039.0,4.0,783100.0
Nissan,White,82429.0,4.0,448950.0
Honda,White,82518.0,4.0,1129350.0
Nissan,White,82726.0,4.0,890100.0
Honda,Green,82783.0,4.0,549200.0
Toyota,Green,83293.0,4.0,966850.0
BMW,White,83309.0,5.0,2275450.0
Nissan,White,83345.0,4.0,323800.0
Honda,Blue,83357.0,4.0,1113150.0
Toyota,White,83594.0,4.0,682400.0
Toyota,Blue,83784.0,4.0,582400.0
BMW,White,84327.0,5.0,1911650.0
Honda,White,84714.0,4.0,1417150.0
Honda,Blue,84719.0,4.0,1320100.0
Toyota,Blue,84787.0,4.0,1420700.0
BMW,Blue,85320.0,3.0,825850.0
Toyota,Blue,85473.0,4.0,1100100.0
BMW,White,85739.0,5.0,2420950.0
Toyota,White,85800.0,4.0,1025150.0
Honda,White,85975.0,4.0,1382000.0
Toyota,Red,86284.0,4.0,1127100.0
Toyota,Black,86333.0,4.0,496400.0
Honda,Red,86427.0,4.0,1542700.0
Toyota,White,86480.0,4.0,815950.0
Toyota,Black,86696.0,4.0,1516000.0
BMW,Blue,86805.0,5.0,1705500.0
Toyota,White,87594.0,4.0,1005000.0
Nissan,Green,87701.0,4.0,1482800.0
Nissan,White,87997.0,4.0,1429800.0
Honda,Black,88002.0,4.0,1010950.0
Toyota,White,88015.0,4.0,1139700.0
Toyota,White,88224.0,4.0,1215200.0
Toyota,Green,88519.0,4.0,932000.0
Toyota,Red,88571.0,4.0,1071550.0
Toyota,Green,88598.0,4.0,968650.0
Nissan,White,88908.0,4.0,1107750.0
Honda,White,89291.0,4.0,685150.0
Toyota,Blue,89501.0,4.0,610900.0
Toyota,Blue,89641.0,4.0,1673150.0
Toyota,Blue,90249.0,4.0,1799400.0
Nissan,Green,90446.0,4.0,662550.0
Toyota,Black,90508.0,4.0,1687900.0
Toyota,Blue,90856.0,4.0,1653850.0
Toyota,Blue,92777.0,4.0,1625450.0
Honda,White,92883.0,4.0,746550.0
Toyota,Black,93054.0,4.0,332600.0
Toyota,White,93593.0,4.0,1481900.0
BMW,Blue,93792.0,3.0,1763200.0
Honda,Green,94062.0,4.0,1352850.0
Toyota,Blue,94916.0,4.0,762033.7
Honda,Black,94941.0,4.0,1379900.0
Honda,Red,95243.0,4.0,677950.0
Toyota,Blue,95317.0,4.0,371750.0
Honda,White,95481.0,4.0,434350.0
Honda,White,95579.0,4.0,556750.0
Toyota,White,95725.0,4.0,626150.0
Toyota,Blue,95993.0,4.0,1403650.0
BMW,White,96224.0,4.0,2286000.0
Honda,Blue,96308.0,4.0,750500.0
Toyota,Blue,96363.0,4.0,373450.0
Honda,Blue,96389.0,4.0,393050.0
Toyota,Red,96742.0,4.0,1723250.0
Nissan,Blue,96785.0,4.0,1147450.0
Toyota,White,97036.0,4.0,762033.7
Toyota,Black,97042.0,4.0,410150.0
Toyota,Red,97345.0,4.0,348100.0
Toyota,White,97375.0,4.0,573950.0
Toyota,Black,98409.0,4.0,1643150.0
Honda,Red,98523.0,4.0,1497950.0
Toyota,Blue,98619.0,4.0,1666200.0
Toyota,Red,98854.0,4.0,1493800.0
Toyota,Blue,98890.0,4.0,1346300.0
Toyota,Blue,98971.0,4.0,811300.0
Toyota,Blue,99761.0,4.0,527350.0
BMW,Red,100060.0,5.0,1903000.0
Toyota,White,100107.0,4.0,493900.0
Honda,White,100527.0,4.0,1130800.0
Toyota,White,100657.0,4.0,762033.7
Honda,White,100884.0,4.0,257250.0
Toyota,White,100938.0,4.0,1259800.0
Honda,White,101311.0,4.0,271050.0
Honda,Red,101835.0,4.0,805500.0
Honda,White,102032.0,4.0,951800.0
Nissan,White,102303.0,4.0,845450.0
BMW,White,102773.0,5.0,1477550.0
Toyota,Blue,103202.0,4.0,669700.0
BMW,Blue,103283.0,3.0,1108800.0
Toyota,Black,103472.0,4.0,759200.0
Toyota,White,103682.0,4.0,513050.0
Toyota,White,103728.0,4.0,353050.0
Toyota,Blue,103909.0,4.0,228300.0
Honda,Blue,104304.0,4.0,1150850.0
Nissan,Blue,104355.0,4.0,902900.0
Toyota,White,104722.0,4.0,1050300.0
Toyota,Green,106475.0,4.0,1212100.0
Honda,Blue,106494.0,4.0,892900.0
Honda,Blue,106744.0,4.0,811150.0
Toyota,White,107043.0,4.0,356300.0
Nissan,White,107096.0,3.0,303750.0
Nissan,Green,107112.0,3.0,817250.0
Toyota,White,107410.0,4.0,1249500.0
Toyota,Red,107799.0,4.0,670850.0
Honda,White,108206.0,4.0,660400.0
Honda,White,108415.0,4.0,1046800.0
Toyota,White,108569.0,4.0,343300.0
Honda,Red,108681.0,4.0,537000.0
Honda,Red,108794.0,4.0,798100.0
Toyota,White,109013.0,4.0,531400.0
Toyota,White,109384.0,4.0,495900.0
Toyota,Green,109868.0,4.0,328700.0
Toyota,Green,110078.0,4.0,682500.0
Toyota,White,110362.0,4.0,678000.0
Nissan,Blue,111015.0,3.0,362600.0
Honda,Black,111097.0,4.0,803600.0
Nissan,Blue,111256.0,4.0,545950.0
Honda,Red,111727.0,4.0,505050.0
Toyota,White,112004.0,4.0,679300.0
Toyota,White,112103.0,4.0,394900.0
BMW,Green,112156.0,5.0,645200.0
Toyota,Blue,112223.0,4.0,237650.0
Toyota,White,112292.0,4.0,1241700.0
Toyota,Black,112622.0,4.0,788900.0
Toyota,White,112968.0,4.0,948100.0
Toyota,White,113250.0,4.0,483750.0
Nissan,Red,113278.0,3.0,783300.0
Honda,Red,113538.0,4.0,762033.7
Honda,White,113704.0,4.0,1164000.0
Nissan,Red,113987.0,4.0,248400.0
Toyota,White,114202.0,4.0,1125250.0
Nissan,White,114699.0,4.0,800800.0
Honda,White,115183.0,4.0,324050.0
Nissan,White,116279.0,4.0,808950.0
BMW,Green,117440.0,5.0,866100.0
Toyota,White,117504.0,4.0,1293700.0
Toyota,White,117571.0,4.0,1185950.0
Toyota,White,117637.0,4.0,862800.0
Honda,White,117907.0,4.0,845400.0
BMW,White,118286.0,5.0,707250.0
Toyota,Blue,118308.0,4.0,1011850.0
Nissan,White,118470.0,3.0,1003750.0
Honda,White,118609.0,4.0,273250.0
Toyota,White,118706.0,4.0,1035250.0
Honda,Black,119033.0,4.0,838700.0
Toyota,Blue,119311.0,4.0,1340800.0
Toyota,Green,119394.0,4.0,588650.0
Toyota,White,119439.0,4.0,867000.0
Toyota,Blue,119745.0,4.0,1195100.0
Honda,White,120283.0,4.0,968800.0
Honda,Red,120306.0,4.0,917300.0
Honda,Blue,120448.0,4.0,619600.0
Toyota,Black,121160.0,4.0,419000.0
Honda,White,121416.0,4.0,884500.0
Honda,White,121791.0,4.0,346000.0
Toyota,White,122266.0,4.0,883200.0
Toyota,White,122453.0,4.0,1208900.0
Nissan,White,123121.0,4.0,1121800.0
Honda,Red,123224.0,4.0,824400.0
Honda,White,123898.0,4.0,1031100.0
Nissan,White,123923.0,4.0,749300.0
Honda,Black,123924.0,4.0,1061800.0
Toyota,White,124057.0,4.0,945950.0
Nissan,Red,124112.0,4.0,360850.0
Nissan,Blue,124116.0,4.0,269300.0
Toyota,White,124205.0,4.0,345850.0
Toyota,White,124844.0,4.0,1206500.0
Honda,White,124924.0,4.0,991600.0
Nissan,Black,125251.0,4.0,915300.0
Honda,Green,125802.0,4.0,237700.0
Honda,Blue,125819.0,4.0,784300.0
Toyota,Blue,125939.0,4.0,517450.0
Toyota,Blue,126078.0,4.0,722100.0
BMW,White,126441.0,5.0,1986900.0
Toyota,White,126669.0,4.0,924200.0
Honda,White,126854.0,4.0,615550.0
Honda,Blue,127157.0,4.0,384100.0
Toyota,White,127161.0,4.0,243550.0
Nissan,White,127386.0,4.0,423050.0
Honda,Blue,127589.0,4.0,780500.0
Toyota,Blue,128016.0,4.0,841750.0
Toyota,White,128072.0,4.0,909000.0
Nissan,Red,128235.0,4.0,416350.0
Toyota,White,128294.0,4.0,680400.0
BMW,Blue,129040.0,5.0,1617650.0
Nissan,White,129188.0,4.0,403550.0
Toyota,White,129188.0,4.0,880450.0
Toyota,White,129454.0,4.0,322300.0
Nissan,Blue,129769.0,3.0,780850.0
Nissan,White,129820.0,4.0,348000.0
Nissan,White,129883.0,4.0,1197250.0
Honda,Green,130075.0,4.0,1062100.0
Honda,Green,130076.0,4.0,338100.0
Honda,White,130494.0,4.0,275650.0
Toyota,White,130538.0,4.0,468700.0
Honda,White,130783.0,4.0,314150.0
BMW,Blue,130817.0,3.0,1569600.0
BMW,Red,131587.0,5.0,782600.0
Toyota,White,132055.0,4.0,529100.0
Toyota,Black,132103.0,4.0,521950.0
Toyota,Green,132714.0,4.0,853800.0
Toyota,White,133069.0,3.0,250400.0
Honda,Blue,133117.0,4.0,517200.0
Toyota,Red,133195.0,4.0,739750.0
Honda,White,133270.0,4.0,1080600.0
Toyota,Black,133433.0,4.0,825950.0
Nissan,White,133441.0,4.0,1096050.0
BMW,Blue,134103.0,5.0,1805450.0
Toyota,White,134181.0,4.0,556050.0
Toyota,White,134415.0,4.0,256250.0
Honda,Black,134825.0,4.0,865750.0
Toyota,White,134862.0,4.0,617650.0
Honda,White,134949.0,4.0,881100.0
Nissan,White,135032.0,3.0,310700.0
Toyota,Blue,135080.0,4.0,682600.0
Toyota,Blue,135237.0,4.0,917900.0
Nissan,White,136022.0,4.0,762033.7
Toyota,Black,136271.0,4.0,1012100.0
Honda,White,136279.0,4.0,296650.0
Honda,White,136340.0,4.0,963550.0
Honda,Blue,136392.0,4.0,607300.0
Honda,Blue,137233.0,4.0,440450.0
Nissan,White,137477.0,4.0,762033.7
Toyota,White,137628.0,4.0,907100.0
Toyota,White,138274.0,4.0,399700.0
Toyota,White,138294.0,4.0,581300.0
Toyota,Blue,140465.0,4.0,757700.0
Toyota,Black,140756.0,4.0,1347700.0
Toyota,Black,140913.0,4.0,798350.0
Nissan,Black,141109.0,4.0,762033.7
Toyota,Blue,141617.0,4.0,954250.0
Nissan,Blue,141962.0,4.0,279750.0
BMW,Blue,142189.0,3.0,1166800.0
Honda,Blue,142403.0,4.0,340150.0
Toyota,Green,142598.0,4.0,1091500.0
Toyota,White,142633.0,4.0,520100.0
Toyota,White,143104.0,4.0,229450.0
Nissan,Red,143204.0,3.0,835950.0
Nissan,White,143520.0,4.0,371650.0
Honda,Black,143649.0,4.0,393700.0
BMW,White,143651.0,5.0,1129850.0
Honda,Blue,143707.0,4.0,816850.0
Honda,White,144088.0,4.0,291900.0
Honda,White,144093.0,4.0,851800.0
Toyota,Black,144944.0,4.0,1143650.0
Honda,White,145850.0,4.0,893800.0
Honda,Blue,146233.0,4.0,710100.0
Toyota,White,146307.0,4.0,675400.0
Nissan,Blue,146430.0,3.0,461200.0
Honda,White,146703.0,4.0,1032100.0
Toyota,White,146824.0,4.0,814250.0
Toyota,Black,146848.0,4.0,364300.0
BMW,White,146911.0,3.0,853800.0
Toyota,Green,146940.0,4.0,1256650.0
Toyota,White,147230.0,4.0,832250.0
Toyota,Red,147455.0,4.0,1114800.0
Toyota,Black,147540.0,4.0,1007750.0
Honda,Black,147889.0,4.0,445800.0
Honda,White,148238.0,4.0,565150.0
Toyota,Blue,148421.0,4.0,497650.0
Toyota,White,148473.0,4.0,1169300.0
Toyota,Red,148518.0,4.0,1255200.0
Toyota,White,148744.0,4.0,1124450.0
BMW,White,148949.0,3.0,1153700.0
Nissan,Green,149042.0,3.0,541750.0
Toyota,Blue,149270.0,4.0,1097650.0
Nissan,White,149347.0,3.0,266600.0
BMW,Red,149413.0,5.0,1843200.0
Toyota,White,149466.0,4.0,762033.7
Toyota,White,149655.0,4.0,732500.0
Honda,Black,149879.0,4.0,410000.0
Toyota,Blue,149927.0,4.0,416050.0
Toyota,White,149989.0,4.0,263000.0
Nissan,Red,150563.0,4.0,805750.0
Honda,White,150582.0,4.0,370200.0
Toyota,White,150826.0,4.0,619600.0
Toyota,Green,151291.0,4.0,310000.0
Honda,Black,151414.0,4.0,609300.0
Toyota,White,152006.0,3.0,208250.0
Toyota,Blue,152042.0,4.0,1029500.0
Honda,White,152212.0,4.0,529000.0
Nissan,White,152215.0,4.0,825950.0
BMW,Green,152243.0,5.0,1005400.0
BMW,White,152410.0,5.0,1079000.0
Honda,Blue,152547.0,4.0,512950.0
BMW,Blue,152772.0,3.0,729400.0
Nissan,Red,153074.0,4.0,874350.0
Nissan,Green,153554.0,3.0,489000.0
Toyota,White,154365.0,4.0,671700.0
Toyota,Blue,154576.0,4.0,627650.0
Toyota,White,155144.0,3.0,285800.0
Toyota,White,155383.0,4.0,717250.0
Honda,Black,155682.0,4.0,499600.0
BMW,Red,156064.0,5.0,855250.0
Toyota,Blue,156478.0,4.0,1021200.0
Nissan,Red,157169.0,4.0,762033.7
Nissan,Blue,157235.0,4.0,209800.0
Toyota,Red,157432.0,4.0,413000.0
Toyota,Blue,157782.0,4.0,629600.0
Honda,Blue,158301.0,4.0,764850.0
Honda,Black,158337.0,4.0,236650.0
BMW,Black,158339.0,5.0,1164350.0
Nissan,Blue,158730.0,3.0,605200.0
Toyota,Red,159925.0,4.0,701400.0
Honda,White,161068.0,4.0,684900.0
Honda,Blue,161140.0,4.0,568200.0
Toyota,Blue,161572.0,4.0,754400.0
Nissan,White,161699.0,4.0,279700.0
Honda,White,161712.0,4.0,677300.0
Toyota,White,161870.0,4.0,357850.0
BMW,Red,162176.0,5.0,959300.0
Nissan,Black,162523.0,4.0,234800.0
BMW,Green,162607.0,5.0,703700.0
Toyota,Red,162665.0,4.0,352100.0
Honda,Red,163045.0,4.0,851750.0
Nissan,Green,163080.0,4.0,398650.0
Honda,Blue,163297.0,4.0,663150.0
BMW,Blue,163322.0,3.0,1583300.0
Nissan,Blue,163423.0,4.0,359650.0
Toyota,Blue,163453.0,4.0,423650.0
Toyota,White,164093.0,4.0,194650.0
Honda,Red,164352.0,4.0,708000.0
Honda,Green,164493.0,4.0,693300.0
Honda,White,164703.0,4.0,610050.0
Honda,Green,165101.0,4.0,518850.0
Toyota,Green,165225.0,4.0,542050.0
Toyota,Blue,165301.0,4.0,521450.0
BMW,Blue,165375.0,5.0,1327000.0
Honda,White,166028.0,4.0,652800.0
Toyota,Red,166046.0,4.0,397750.0
Honda,Blue,166595.0,4.0,256900.0
Toyota,Blue,166679.0,4.0,911100.0
Nissan,White,166735.0,4.0,367500.0
Nissan,Red,166895.0,4.0,503050.0
Toyota,Blue,166897.0,4.0,513900.0
Nissan,Blue,166938.0,4.0,574250.0
Nissan,White,167421.0,4.0,812950.0
Honda,Blue,168261.0,4.0,734550.0
Toyota,Green,168432.0,4.0,1024850.0
BMW,White,168854.0,5.0,1162000.0
Toyota,Blue,169449.0,4.0,542750.0
Honda,Red,169579.0,4.0,404450.0
Toyota,White,170085.0,4.0,269150.0
Toyota,White,170466.0,4.0,198700.0
Nissan,Black,170777.0,4.0,482450.0
Honda,White,171260.0,4.0,926200.0
Honda,Blue,171303.0,4.0,541050.0
Toyota,Blue,171373.0,4.0,476450.0
Toyota,White,172018.0,4.0,509800.0
Honda,Blue,172266.0,4.0,916350.0
Toyota,Green,172401.0,4.0,272700.0
Toyota,Green,172493.0,4.0,734900.0
Honda,Red,172705.0,4.0,762033.7
Honda,Blue,172718.0,4.0,713700.0
Toyota,White,173408.0,4.0,404100.0
Honda,Blue,173693.0,4.0,554600.0
BMW,White,173915.0,5.0,720200.0
Toyota,Blue,174008.0,4.0,950000.0
Nissan,Blue,174825.0,3.0,243150.0
Honda,Black,175075.0,4.0,762033.7
BMW,Red,175134.0,4.0,1474350.0
Toyota,White,175309.0,4.0,762033.7
Nissan,White,175777.0,4.0,671350.0
Toyota,White,175955.0,4.0,379900.0
Nissan,White,176135.0,3.0,856350.0
Toyota,White,176172.0,4.0,946150.0
Honda,Blue,176566.0,4.0,662850.0
BMW,Red,176660.0,5.0,706700.0
BMW,White,176864.0,5.0,1246900.0
Nissan,White,177272.0,4.0,912400.0
Toyota,Blue,177356.0,4.0,791350.0
Toyota,White,177571.0,4.0,715900.0
Toyota,White,177894.0,4.0,461450.0
Honda,White,178134.0,4.0,443500.0
BMW,Black,178164.0,3.0,1244550.0
Honda,White,178351.0,4.0,716550.0
Nissan,Blue,178405.0,4.0,434650.0
Honda,White,178774.0,4.0,752350.0
BMW,White,178796.0,5.0,919800.0
Honda,Blue,178863.0,4.0,258400.0
Nissan,Black,178899.0,4.0,261100.0
BMW,Blue,179255.0,5.0,1652000.0
Toyota,Blue,179468.0,4.0,390650.0
Nissan,Blue,179666.0,4.0,962900.0
Toyota,White,179727.0,4.0,449000.0
Nissan,Blue,180021.0,3.0,659950.0
Toyota,Blue,180156.0,4.0,704300.0
Honda,White,180390.0,4.0,667200.0
Toyota,Red,180473.0,4.0,328400.0
Nissan,Blue,180739.0,4.0,969450.0
Toyota,Green,180760.0,4.0,519000.0
Toyota,Blue,181466.0,4.0,719400.0
BMW,Black,181572.0,5.0,1288150.0
Nissan,Blue,181577.0,3.0,702150.0
Toyota,White,183368.0,4.0,909900.0
Honda,Blue,184320.0,4.0,348900.0
Honda,White,184869.0,4.0,579200.0
Toyota,Red,184878.0,4.0,372250.0
Toyota,White,185146.0,4.0,228300.0
Toyota,White,185455.0,4.0,811000.0
Toyota,White,185742.0,4.0,843250.0
Toyota,Red,185940.0,4.0,484250.0
Honda,Blue,186146.0,4.0,915500.0
Toyota,Blue,186309.0,4.0,820800.0
Honda,White,186495.0,4.0,742450.0
Toyota,White,186752.0,4.0,394100.0
Nissan,White,186786.0,4.0,762033.7
Honda,White,187380.0,4.0,201100.0
Honda,Blue,187630.0,4.0,790500.0
Honda,White,187663.0,4.0,671650.0
Toyota,Blue,188036.0,4.0,762033.7
Toyota,White,188338.0,4.0,655300.0
Toyota,Black,188514.0,4.0,762033.7
Toyota,Blue,188658.0,4.0,715600.0
Toyota,White,188755.0,4.0,899000.0
Toyota,Black,189001.0,4.0,292150.0
Nissan,Blue,189182.0,4.0,941700.0
Toyota,White,189194.0,4.0,247300.0
Toyota,Blue,189209.0,4.0,355000.0
Toyota,Red,189278.0,4.0,461100.0
Nissan,Green,189739.0,4.0,836500.0
Toyota,Blue,189781.0,4.0,517600.0
Toyota,Red,190211.0,4.0,222700.0
Toyota,Blue,190406.0,4.0,762033.7
Honda,Blue,190532.0,4.0,423950.0
Nissan,Green,190794.0,3.0,895850.0
Nissan,Blue,191024.0,3.0,472500.0
Toyota,Blue,191232.0,4.0,917750.0
Honda,Blue,191622.0,4.0,436900.0
Honda,Blue,191658.0,4.0,879850.0
Nissan,Red,191810.0,3.0,709450.0
Nissan,Black,192250.0,4.0,548100.0
BMW,Black,192316.0,5.0,1274500.0
Nissan,Blue,192557.0,4.0,333600.0
Honda,White,192655.0,4.0,630450.0
BMW,White,192673.0,5.0,1168850.0
BMW,Blue,192714.0,5.0,997150.0
Nissan,White,192747.0,4.0,337500.0
Toyota,White,192890.0,4.0,1006500.0
Toyota,Red,193006.0,4.0,255050.0
Nissan,Blue,193135.0,3.0,650250.0
Honda,White,193179.0,4.0,391350.0
Toyota,Blue,193276.0,4.0,526100.0
Nissan,White,193389.0,4.0,372150.0
Toyota,White,193629.0,4.0,637250.0
Nissan,White,193874.0,4.0,529800.0
Honda,Green,194035.0,4.0,582400.0
BMW,White,194157.0,4.0,1742800.0
BMW,White,194189.0,5.0,858850.0
Nissan,White,195056.0,4.0,557000.0
Nissan,Blue,195105.0,3.0,391150.0
Honda,Blue,195239.0,4.0,747200.0
BMW,White,195419.0,5.0,1465400.0
Nissan,Blue,195494.0,4.0,323000.0
Honda,White,195787.0,4.0,265800.0
Honda,White,195829.0,4.0,893300.0
Nissan,Red,196130.0,3.0,685350.0
Toyota,White,196225.0,4.0,990600.0
Nissan,White,196374.0,4.0,351600.0
Honda,Blue,196507.0,4.0,853250.0
Honda,Blue,196526.0,4.0,312100.0
Honda,Blue,196835.0,4.0,781150.0
Toyota,White,196840.0,4.0,532300.0
Toyota,White,197393.0,4.0,1043950.0
Toyota,Black,197498.0,4.0,347800.0
Toyota,Red,197616.0,4.0,704450.0
Honda,Blue,197664.0,4.0,647500.0
Nissan,Blue,197823.0,3.0,893000.0
Nissan,White,197844.0,4.0,288800.0
Toyota,Black,198564.0,4.0,385400.0
Toyota,Blue,198570.0,4.0,864200.0
Nissan,White,198923.0,4.0,256750.0
Toyota,Blue,198983.0,4.0,922000.0
Toyota,White,199315.0,4.0,972650.0
Honda,Blue,199833.0,4.0,947300.0
Toyota,White,199985.0,4.0,1050350.0
Honda,Blue,200219.0,4.0,230300.0
Honda,Black,200490.0,4.0,316850.0
Toyota,Blue,200597.0,4.0,657350.0
Toyota,White,201039.0,4.0,843950.0
BMW,Black,201190.0,3.0,835250.0
Toyota,Black,201753.0,4.0,754850.0
Toyota,Green,201964.0,4.0,681850.0
Toyota,White,202435.0,4.0,843350.0
Honda,White,202855.0,4.0,413000.0
Toyota,Green,202862.0,4.0,881750.0
Nissan,Green,203302.0,4.0,277400.0
Honda,White,203447.0,4.0,175450.0
BMW,White,203517.0,5.0,1342300.0
Nissan,White,203795.0,4.0,466500.0
Toyota,White,203804.0,4.0,263650.0
Toyota,White,204213.0,4.0,343000.0
BMW,Black,204746.0,5.0,1224700.0
Nissan,White,205155.0,3.0,514350.0
Toyota,Blue,205592.0,4.0,814500.0
Honda,White,205597.0,4.0,211950.0
Nissan,White,206073.0,4.0,197200.0
BMW,White,206446.0,5.0,994600.0
Toyota,Blue,207048.0,4.0,533150.0
Honda,Blue,207344.0,4.0,247050.0
BMW,Red,208124.0,5.0,1233400.0
Honda,Green,208651.0,4.0,686100.0
Nissan,White,209259.0,4.0,541150.0
BMW,Green,209340.0,5.0,1457000.0
Toyota,Green,209457.0,4.0,729500.0
BMW,Blue,209466.0,5.0,762033.7
Nissan,Blue,209485.0,4.0,673700.0
Nissan,Red,209976.0,4.0,210000.0
Toyota,White,210123.0,4.0,586550.0
Toyota,White,210193.0,4.0,282650.0
Honda,Blue,210446.0,4.0,179700.0
Toyota,White,210863.0,4.0,605600.0
Toyota,Red,210870.0,4.0,832600.0
Honda,White,211154.0,4.0,470100.0
Nissan,Blue,211249.0,4.0,788350.0
Nissan,White,211504.0,4.0,704200.0
Honda,Red,211735.0,4.0,762033.7
Honda,White,211862.0,4.0,623800.0
Nissan,White,212081.0,3.0,559600.0
BMW,Blue,212644.0,5.0,977250.0
BMW,White,212920.0,3.0,586650.0
Toyota,Green,213077.0,4.0,762033.7
Honda,Black,213154.0,4.0,409600.0
Honda,White,213324.0,4.0,435200.0
Toyota,Blue,213344.0,4.0,762033.7
Nissan,White,213449.0,3.0,371250.0
Honda,White,213793.0,4.0,620100.0
Toyota,Green,213861.0,4.0,187550.0
Toyota,Blue,213893.0,4.0,287150.0
Toyota,Green,214179.0,4.0,643600.0
Honda,White,214405.0,4.0,399100.0
Toyota,White,214493.0,4.0,621700.0
Nissan,White,215026.0,4.0,762033.7
Nissan,White,215130.0,4.0,588400.0
Nissan,White,215169.0,4.0,739650.0
Honda,White,215235.0,4.0,191250.0
Nissan,Blue,215820.0,4.0,300500.0
Honda,White,215883.0,4.0,200050.0
Toyota,Blue,215955.0,4.0,399700.0
Toyota,White,216076.0,4.0,607600.0
Toyota,Blue,216250.0,4.0,484550.0
Toyota,White,216257.0,4.0,858550.0
Toyota,Blue,216563.0,4.0,395150.0
Toyota,White,216647.0,4.0,510350.0
Honda,Blue,217068.0,4.0,217900.0
Toyota,Black,217253.0,4.0,830150.0
Toyota,Black,218253.0,4.0,658800.0
Toyota,Green,218482.0,4.0,509900.0
Toyota,White,218519.0,4.0,762033.7
Nissan,Black,218697.0,4.0,257850.0
Toyota,White,218803.0,4.0,664150.0
Nissan,White,219137.0,4.0,293250.0
Honda,Blue,219217.0,4.0,237350.0
Toyota,Blue,219420.0,4.0,447600.0
Honda,White,219635.0,4.0,610800.0
Toyota,Red,220026.0,4.0,477700.0
Toyota,Blue,220679.0,4.0,775400.0
Honda,White,220876.0,4.0,762033.7
Toyota,White,221050.0,4.0,319550.0
Toyota,Blue,221076.0,4.0,439300.0
Honda,Black,221461.0,4.0,522500.0
Toyota,Green,221725.0,4.0,337100.0
Toyota,Blue,222542.0,4.0,441700.0
Honda,Black,222786.0,4.0,762033.7
Toyota,Black,222813.0,4.0,762033.7
Nissan,White,222917.0,4.0,783650.0
Honda,Blue,223005.0,4.0,721550.0
Toyota,Blue,223390.0,4.0,482400.0
Honda,Red,223416.0,4.0,535350.0
Nissan,Green,223555.0,4.0,592700.0
Honda,White,223685.0,4.0,468950.0
Toyota,White,223727.0,4.0,645050.0
Toyota,Blue,223875.0,4.0,632500.0
Nissan,White,223889.0,4.0,504550.0
Honda,White,224292.0,4.0,321550.0
Nissan,Blue,224410.0,4.0,662200.0
Toyota,Black,224479.0,4.0,522800.0
Toyota,White,224657.0,4.0,662500.0
Honda,Blue,224900.0,4.0,455200.0
Toyota,Black,224986.0,4.0,561650.0
Toyota,White,225284.0,4.0,620400.0
Toyota,Blue,225286.0,4.0,604300.0
Honda,White,225600.0,4.0,762033.7
Toyota,Black,225991.0,4.0,762033.7
Toyota,Blue,226217.0,4.0,770650.0
Honda,Black,226391.0,4.0,793950.0
Toyota,Red,227262.0,4.0,600050.0
Nissan,White,227278.0,4.0,762033.7
Toyota,White,227387.0,4.0,194750.0
BMW,White,227845.0,5.0,564900.0
Toyota,Black,228063.0,4.0,815400.0
Nissan,White,228090.0,4.0,818300.0
Nissan,Blue,228192.0,4.0,632050.0
Honda,Blue,228279.0,4.0,675950.0
Toyota,White,228619.0,4.0,602900.0
BMW,White,228678.0,5.0,927850.0
Toyota,Blue,229055.0,4.0,543250.0
Toyota,Blue,229110.0,4.0,862900.0
Honda,Blue,229206.0,4.0,680700.0
Nissan,Green,229929.0,4.0,490150.0
Toyota,Blue,230314.0,4.0,336000.0
Honda,Blue,230570.0,4.0,533800.0
Toyota,Blue,230908.0,4.0,644150.0
Toyota,White,230943.0,4.0,678000.0
Nissan,Blue,231057.0,4.0,296250.0
Honda,Black,231659.0,4.0,491300.0
Toyota,White,231683.0,4.0,800050.0
Honda,Black,231825.0,4.0,649400.0
BMW,White,232696.0,5.0,1347000.0
Honda,Blue,232904.0,4.0,386250.0
Honda,Black,232910.0,4.0,334500.0
Toyota,Blue,232912.0,4.0,301450.0
Nissan,Green,233054.0,4.0,446500.0
Nissan,Blue,233501.0,4.0,139800.0
Toyota,Blue,234051.0,4.0,580800.0
Nissan,Blue,234146.0,3.0,626100.0
Nissan,White,234161.0,4.0,660000.0
Honda,Blue,234760.0,4.0,570550.0
Toyota,White,235294.0,4.0,529850.0
Nissan,Green,235589.0,4.0,295250.0
BMW,White,235774.0,4.0,1470050.0
Toyota,White,235792.0,4.0,536300.0
Nissan,White,235952.0,4.0,663600.0
Honda,Blue,235985.0,4.0,459200.0
Honda,White,236432.0,4.0,762033.7
Toyota,White,236674.0,4.0,761700.0
Honda,Blue,236760.0,4.0,618100.0
Honda,Red,236800.0,4.0,762033.7
Toyota,Blue,237190.0,4.0,390000.0
Honda,White,237209.0,4.0,524700.0
Toyota,Blue,237448.0,4.0,810100.0
Honda,Green,237627.0,4.0,421500.0
Honda,Black,237861.0,4.0,518700.0
Honda,White,238172.0,4.0,663650.0
Toyota,Blue,238425.0,4.0,325100.0
Honda,Red,238609.0,4.0,252600.0
Honda,Green,238825.0,4.0,476500.0
Toyota,Blue,239004.0,4.0,428300.0
Toyota,White,239554.0,4.0,537350.0
Toyota,White,239760.0,4.0,244800.0
Nissan,Black,239908.0,4.0,328350.0
Toyota,Red,240017.0,4.0,686400.0
Nissan,Black,240536.0,4.0,162350.0
Toyota,Blue,240627.0,4.0,264250.0
Toyota,White,240937.0,4.0,762033.7
Toyota,Green,241507.0,4.0,386200.0
Toyota,Red,241987.0,4.0,486700.0
Toyota,White,242084.0,4.0,655550.0
BMW,White,242935.0,3.0,738350.0
Toyota,Green,243177.0,4.0,156250.0
Toyota,Blue,243255.0,4.0,368900.0
Toyota,Blue,243969.0,4.0,806900.0
BMW,Blue,244095.0,5.0,1289000.0
Toyota,Blue,244204.0,4.0,306050.0
Toyota,White,244404.0,4.0,666700.0
Honda,Blue,244434.0,4.0,412650.0
Honda,White,245327.0,4.0,411300.0
BMW,Blue,245427.0,5.0,876000.0
Toyota,White,245977.0,4.0,551800.0
Honda,White,246079.0,4.0,543600.0
Toyota,Blue,246817.0,4.0,413450.0
Nissan,White,246825.0,3.0,682350.0
Toyota,Blue,247601.0,4.0,558100.0
Honda,Blue,247869.0,4.0,599100.0
Honda,White,248301.0,4.0,701300.0
Toyota,Blue,248360.0,4.0,636600.0
Toyota,White,248416.0,4.0,735850.0
Toyota,Blue,248447.0,4.0,285400.0
Toyota,Red,248634.0,4.0,495950.0
Nissan,Black,248736.0,4.0,417900.0
Toyota,White,248815.0,4.0,489250.0
Honda,Blue,248899.0,4.0,291700.0
Nissan,Blue,249860.0,4.0,726200.0
Nissan,Blue,131253.23789473684,4.0,165000.0
Nissan,White,131253.23789473684,4.0,198700.0
Toyota,White,131253.23789473684,4.0,254700.0
Honda,White,131253.23789473684,4.0,282400.0
Honda,White,131253.23789473684,4.0,353800.0
Toyota,White,131253.23789473684,4.0,425000.0
Toyota,Black,131253.23789473684,4.0,425650.0
Toyota,Green,131253.23789473684,4.0,453650.0
BMW,Red,131253.23789473684,5.0,468100.0
Nissan,Blue,131253.23789473684,4.0,477250.0
Toyota,Blue,131253.23789473684,4.0,501200.0
Honda,White,131253.23789473684,4.0,503800.0
Honda,White,131253.23789473684,4.0,506500.0
Toyota,Blue,131253.23789473684,4.0,541700.0
Honda,White,131253.23789473684,4.0,559100.0
Toyota,Green,131253.23789473684,4.0,572700.0
Honda,White,131253.23789473684,4.0,653500.0
Nissan,Red,131253.23789473684,4.0,656350.0
Toyota,Blue,131253.23789473684,4.0,660650.0
Toyota,White,131253.23789473684,4.0,701050.0
Toyota,Red,131253.23789473684,4.0,733550.0
Nissan,White,131253.23789473684,4.0,756550.0
Nissan,Red,131253.23789473684,4.0,757700.0
Nissan,White,131253.23789473684,3.0,793050.0
BMW,Blue,131253.23789473684,3.0,819550.0
Nissan,Red,131253.23789473684,4.0,857200.0
Honda,White,131253.23789473684,4.0,896950.0
Nissan,Blue,131253.23789473684,4.0,909100.0
Toyota,Blue,131253.23789473684,4.0,958750.0
Toyota,Green,131253.23789473684,4.0,996800.0
Honda,White,131253.23789473684,4.0,1015300.0
Toyota,White,131253.23789473684,4.0,1026050.0
Nissan,Red,131253.23789473684,4.0,1083950.0
Honda,Blue,131253.23789473684,4.0,1102100.0
Honda,White,131253.23789473684,4.0,1137300.0
Honda,Blue,131253.23789473684,4.0,1192000.0
Toyota,White,131253.23789473684,4.0,1192200.0
Nissan,White,131253.23789473684,3.0,1193400.0
Honda,White,131253.23789473684,4.0,1340650.0
Honda,Green,131253.23789473684,4.0,1429950.0
Honda,White,131253.23789473684,4.0,1449150.0
Toyota,White,131253.23789473684,4.0,1480800.0
BMW,Blue,131253.23789473684,3.0,1501000.0
BMW,Blue,131253.23789473684,5.0,1520600.0
BMW,White,131253.23789473684,5.0,1644350.0
Toyota,White,131253.23789473684,4.0,1706650.0
Toyota,White,131253.23789473684,4.0,1767900.0
BMW,White,131253.23789473684,5.0,1906400.0
Toyota,White,131253.23789473684,4.0,762033.7
Toyota,White,131253.23789473684,4.0,762033.7
